Tytuł filmu,Gatunek
Noc Strachu,1
Miłość i Marzenia,2
Ostatnia Akcja,3
Szalone Śmiechy,4
Tajemnica w Ciemności,5
Romans na Plaży,2
Przygody w Kosmosie,7
Krzyk Nocy,1
Ścigaj i Zabijaj,3
Miłość w Wenecji,2
Komedianckie Spiski,4
Załoga Akcji,3
Nocny Koszmar,1
Romans w Paryżu,2
Eksploracja Obcych Światów,7
Komedie na Lutym Polu,4
Misja na Granicy,3
Strach przed Ciemnością,1
Miłość w Nowym Jorku,2
Największy Sekret,7
Komedie w Mieście,4
Akcja w Akcji,3
Mroczny Krzyk,1
Romans pod Gwiazdami,2
Podróż w Czasie,7
Komedie na Wyspie,4
Zadanie Akcji,3
Upiorny Krzyk,1
Miłość w Paryżu,2
Eksploracja Kosmiczna,7
Komedie na Plaży,4
Ostatnia Misja,3
Noc Strachu 2,1
Romans w Rzymie,2
Inwazja Kosmitów,7
Szalone Wakacje,4
Zadanie Ostateczne,3
Krzyk Nocy 2,1
Miłość w Wenecji 2,2
Ostatnia Bitwa,7
Komedie w Las Vegas,4
Akcja w Akcji 2,3
Nocny Krzyk 2,1
Romans w Paryżu 2,2
Ostateczna Konfrontacja,7
Komedie na Plaży 2,4
Sekret Agencji,3
Ciemna Noc,1
Miłość w Nowym Jorku 2,2
Kosmiczne Zagrożenie,7
Nowy Film 1,5
Wirus Zagłady,3
Super Bohaterowie,4
Złodzieje Czasu,7
Skradzione Serce,2
Mroczna Tajemnica,1
Labirynt Miłości,2
Tropicielka Przygód,4
Kosmiczna Eksplozja,3
Duchy w Akcji,1
Księżycowy Romans,2
Wojna Galaktyczna,7
Złote Wakacje,4
Ostatnia Walka,3
Romans w Nowym Jorku,2
Klątwa Piratów,1
Tajemniczy Portal,2
Wyspa Przerażeń,4
Akcja na Marsie,7
Miłość na Dachu,4
Krzyk Upiora,1
Wenecyjska Przygoda,2
Sekretne Zadanie,3
Dolina Strachu,1
Wielka Miłość,2
Kosmiczne Odkrycia,7
Wakacje z Komedią,4
Ostatnia Wojna,3
Romans w Paryżu 3,2
Finalny Konflikt,7
Komedie na Plaży 3,4
Mroczne Sekrety,3
Miłość pod Gwiazdami,2
Zadanie Ekstremalne,3
Krzyk Nocy 3,1
Ostatnia Misja 2,3
Romans w Rzymie 3,2
Ostateczna Inwazja,7
Skradzione Wakacje,4
Tajemnice Agencji,3
Powrót do Ciemności,1
Miłość w Nowym Jorku 3,2
Eksploracja Obcych Planet,7
Nowy Film 2,5
Kosmiczna Zagadka,7
Miłość i Intrygi,2
Nocne Zabawy,4
Sekretne Operacje,3
Kosmiczna Ucieczka,7
Miłość na Pustyni,2
Wojna Światów,7
Nocna Awantura,4
Romans w Rzymie 4,2
Mroczne Przeznaczenie,1
Labirynt Zagadek,4
Tajemnicza Wyspa,4
Akcja w Przestworzach,3
Miłość w Tokio,2
Ostatnia Konfrontacja,7
Wirus Zagłady 2,3
Super Przygody,4
Skradzione Tajemnice,3
Kosmiczny Romantyzm,2
Złote Chwile,7
Kosmiczne Przygody,7
Wenecyjskie Nocne Historie,1
Komedie na Morzu,4
Mroczna Tajemnica 2,1
Wakacje w Rzymie,2
Ostatnia Bitwa 2,7
Komedie na Dzikim Zachodzie,4
Podwodna Miłość,2
Akcja w Przestworzach 2,3
Krzyk Nocy 4,1
Miłość w Nowym Jorku 4,2
Wielka Wyprawa Kosmiczna,7
Kosmiczne Zagrożenie 2,7
Sekretne Laboratorium,3
Ciemna Noc 2,1
Klątwa Piratów 2,1
Miłość w Paryżu 4,2
Romans na Polu Bitwy,4
Miłość na Plaży,2
Ostateczna Bitwa 2,7
Komedie na Prerii,4
Skradzione Serce 2,2
Tajemnica Tropiciela,3
Ostatnia Misja 3,3
Romans w Rzymie 5,2
Noc Strachu 3,1
Duchy w Akcji 2,1
Tajemnicza Wyspa 2,4
Akcja na Marsie 2,7
Kosmiczna Eksplozja 2,7
Miłość na Dachu 2,4
Sekret Agencji 2,3
Sekrety Las Vegas,4
Kosmiczny Thriller,7
Nocny Romans,2
Ostatnia Bitka,3
Miłość w Paryżu 5,2
Labirynt Kosmiczny,7
Komedie w Nowym Jorku,4
Akcja na Dzikim Zachodzie,3
Romans na Morzu,2
Złodzieje Serca,2
Kosmiczna Wyprawa 3,7
Skradzione Emocje,4
Tajemnicze Powroty,1
Nocna Przygoda,4
Miłość w Las Vegas,2
Ostateczny Konflikt 2,7
Mroczne Zagadki,3
Klątwa Piratów 3,1
Romans w Wenecji 6,2
Podróż w Przestrzeń,7
Kosmiczna Miłość 4,2
Sekretne Operacje 2,3
Ciemna Noc 3,1
Krzyk Nocy 5,1
Ostatnia Misja 4,3
Romans w Rzymie 7,2
Komedie na Pustyni,4
Wojna Gwiezdna,7
Nocna Ucieczka,4
Mroczne Marzenia,1
Labirynt Tajemnic,4
Tajemnicza Wyspa 3,4
Akcja na Księżycu,3
Miłość w Tokio 3,2
Ostatnia Konfrontacja 2,7
Wirus Zagłady 3,3
Super Bohaterowie 2,4
Skradzione Tajemnice 2,3
Kosmiczny Romantyzm 3,2
Złote Chwile 2,7
Kosmiczne Przygody 3,7
Wenecyjskie Nocne Historie 2,1
Komedie na Morzu 2,4
Mroczna Tajemnica 3,1
Wakacje w Rzymie 3,2
Ostatnia Bitwa 3,7
Komedie na Dzikim Zachodzie 2,4
Podwodna Miłość 3,2
Akcja w Przestworzach 3,3
Krzyk Nocy 6,1
Miłość w Nowym Jorku 6,2
Wielka Wyprawa Kosmiczna 2,7
Kosmiczne Zagrożenie 3,7
Sekretne Laboratorium 2,3
Ciemna Noc 4,1
Klątwa Piratów 4,1
Miłość w Paryżu 7,2
Romans na Polu Bitwy 2,4
Miłość na Plaży 3,2
Ostateczna Bitwa 3,7
Komedie na Prerii 2,4
Skradzione Serce 3,2
Tajemnica Tropiciela 2,3
Ostatnia Misja 5,3
Romans w Rzymie 8,2
Noc Strachu 4,1
Duchy w Akcji 3,1
Tajemnicza Wyspa 4,4
Akcja na Marsie 3,7
Kosmiczna Eksplozja 3,7
Miłość na Dachu 3,4
Sekret Agencji 3,3
